epoch,time,train/box_loss,train/cls_loss,train/dfl_loss,metrics/precision(B),metrics/recall(B),metrics/mAP50(B),metrics/mAP50-95(B),val/box_loss,val/cls_loss,val/dfl_loss,lr/pg0,lr/pg1,lr/pg2
1,372.811,1.21765,3.6785,0.00644,0.18929,0.46785,0.22579,0.17422,0.85771,3.96922,0.00542,0.000656085,0.000656085,0.000656085
2,741.731,1.29547,2.74697,0.00684,0.55887,0.51899,0.54837,0.39392,1.02248,2.60905,0.00677,0.000667989,0.000667989,0.000667989
